{
  "args": {
    "n_target": 5,
    "n_pred": 20,
    "n_steps": 8000,
    "lr": 0.005,
    "seeds": 5,
    "filter": null,
    "output": "results/hybrid_product.json"
  },
  "results": {
    "baseline_pm3": {
      "ml2_mean": 0.0004320800275309011,
      "ml2_std": 0.00015143225053761776,
      "f1_mean": 0.42028985507246375,
      "f1_std": 0.007246376811594213,
      "f1_perfect": 0,
      "f1s": [
        0.4166666666666667,
        0.4166666666666667,
        0.4166666666666667,
        0.4166666666666667,
        0.4347826086956522
      ],
      "ml2s": [
        0.0005572632071562111,
        0.0001403901696903631,
        0.0005011544562876225,
        0.00043396116234362125,
        0.0005276311421766877
      ],
      "n_seeds": 5,
      "desc": "PM3 (1 Sinkhorn iter)",
      "kwargs": {
        "tau": 0.1
      }
    },
    "baseline_sinkhorn10": {
      "ml2_mean": 0.0062464188085868955,
      "ml2_std": 0.011181846347625285,
      "f1_mean": 0.7641491841491842,
      "f1_std": 0.1894376438725723,
      "f1_perfect": 0,
      "f1s": [
        0.9090909090909091,
        0.7692307692307693,
        0.4,
        0.9090909090909091,
        0.8333333333333333
      ],
      "ml2s": [
        0.028609972447156906,
        0.0006424710736609995,
        0.0006015715189278126,
        0.0007240159320645034,
        0.0006540630711242557
      ],
      "n_seeds": 5,
      "desc": "Sinkhorn 10 iters",
      "kwargs": {
        "tau": 0.1,
        "n_iters": 10
      }
    },
    "baseline_product": {
      "ml2_mean": 0.2604817897081375,
      "ml2_std": 0.04803037181684218,
      "f1_mean": 0.4033333333333333,
      "f1_std": 0.006666666666666665,
      "f1_perfect": 0,
      "f1s": [
        0.4,
        0.4166666666666667,
        0.4,
        0.4,
        0.4
      ],
      "ml2s": [
        0.2748580574989319,
        0.2069554626941681,
        0.3023189902305603,
        0.20122070610523224,
        0.31705573201179504
      ],
      "n_seeds": 5,
      "desc": "Standard product loss",
      "kwargs": {}
    },
    "baseline_hungarian": {
      "ml2_mean": 0.00040129784611053765,
      "ml2_std": 9.2518415236804e-05,
      "f1_mean": 0.4,
      "f1_std": 0.0,
      "f1_perfect": 0,
      "f1s": [
        0.4,
        0.4,
        0.4,
        0.4,
        0.4
      ],
      "ml2s": [
        0.00043813884258270264,
        0.00047301649465225637,
        0.0003126859664916992,
        0.000510165118612349,
        0.000272482808213681
      ],
      "n_seeds": 5,
      "desc": "Hungarian (oracle)",
      "kwargs": {}
    },
    "hybrid_product_normalized": {
      "ml2_mean": 0.13265159130096435,
      "ml2_std": 0.02170120330855548,
      "f1_mean": 0.4,
      "f1_std": 0.0,
      "f1_perfect": 0,
      "f1s": [
        0.4,
        0.4,
        0.4,
        0.4,
        0.4
      ],
      "ml2s": [
        0.12811334431171417,
        0.11914604902267456,
        0.15548859536647797,
        0.15870405733585358,
        0.1018059104681015
      ],
      "n_seeds": 5,
      "desc": "Product-normalized product",
      "kwargs": {}
    },
    "hybrid_cross_product": {
      "ml2_mean": 0.11093261167407036,
      "ml2_std": 0.05331728368881316,
      "f1_mean": 0.4,
      "f1_std": 0.0,
      "f1_perfect": 0,
      "f1s": [
        0.4,
        0.4,
        0.4,
        0.4,
        0.4
      ],
      "ml2s": [
        0.17301568388938904,
        0.03897329047322273,
        0.17214913666248322,
        0.07765205204486847,
        0.09287289530038834
      ],
      "n_seeds": 5,
      "desc": "Cross-product",
      "kwargs": {}
    },
    "hybrid_ratio": {
      "ml2_mean": 0.004697059676982462,
      "ml2_std": 0.008670793117226638,
      "f1_mean": 0.41391304347826086,
      "f1_std": 0.017039928645448205,
      "f1_perfect": 0,
      "f1s": [
        0.4,
        0.4347826086956522,
        0.4,
        0.4,
        0.4347826086956522
      ],
      "ml2s": [
        0.0006498416187241673,
        0.0002733711735345423,
        0.022036060690879822,
        0.00029273328254930675,
        0.00023329161922447383
      ],
      "n_seeds": 5,
      "desc": "Ratio (product / leave-one-out sum)",
      "kwargs": {}
    },
    "hybrid_attention_product": {
      "ml2_mean": 0.004793041944503784,
      "ml2_std": 0.00856128538363967,
      "f1_mean": 0.41391304347826086,
      "f1_std": 0.017039928645448205,
      "f1_perfect": 0,
      "f1s": [
        0.4,
        0.4347826086956522,
        0.4,
        0.4,
        0.4347826086956522
      ],
      "ml2s": [
        0.0007746860501356423,
        0.0005164341419003904,
        0.0219131913036108,
        0.0003778370446525514,
        0.0003830611822195351
      ],
      "n_seeds": 5,
      "desc": "Attention-product hybrid",
      "kwargs": {}
    },
    "hybrid_permanent_bethe": {
      "ml2_mean": 0.00041176257072947917,
      "ml2_std": 0.00011808686370582495,
      "f1_mean": 0.4358178053830228,
      "f1_std": 0.021751450713717056,
      "f1_perfect": 0,
      "f1s": [
        0.4166666666666667,
        0.4347826086956522,
        0.47619047619047616,
        0.4166666666666667,
        0.4347826086956522
      ],
      "ml2s": [
        0.0006199513445608318,
        0.00032812944846227765,
        0.00027298612985759974,
        0.0004153053159825504,
        0.0004224406147841364
      ],
      "n_seeds": 5,
      "desc": "Bethe permanent (1 Sinkhorn + free energy)",
      "kwargs": {
        "tau": 0.1
      }
    },
    "hybrid_geometric_coupling": {
      "ml2_mean": 0.0003824820043519139,
      "ml2_std": 5.46349174101711e-05,
      "f1_mean": 0.4,
      "f1_std": 0.0,
      "f1_perfect": 0,
      "f1s": [
        0.4,
        0.4,
        0.4,
        0.4,
        0.4
      ],
      "ml2s": [
        0.00042177847353741527,
        0.000387844251235947,
        0.00027706759283319116,
        0.00042689693509601057,
        0.00039882276905700564
      ],
      "n_seeds": 5,
      "desc": "Geometric mean of cov/prec softmax",
      "kwargs": {
        "tau": 0.1
      }
    },
    "hybrid_product_sinkhorn1": {
      "ml2_mean": 0.004211270529776811,
      "ml2_std": 0.002424862498807508,
      "f1_mean": 0.4166666666666667,
      "f1_std": 0.0,
      "f1_perfect": 0,
      "f1s": [
        0.4166666666666667,
        0.4166666666666667,
        0.4166666666666667,
        0.4166666666666667,
        0.4166666666666667
      ],
      "ml2s": [
        0.007299819495528936,
        0.006864933762699366,
        0.00222061388194561,
        0.0013818342704325914,
        0.0032891512382775545
      ],
      "n_seeds": 5,
      "desc": "Product-informed 1-step Sinkhorn",
      "kwargs": {
        "tau": 0.1
      }
    },
    "hybrid_entropic_product": {
      "ml2_mean": 0.2607194185256958,
      "ml2_std": 0.047964245044522076,
      "f1_mean": 0.4033333333333333,
      "f1_std": 0.006666666666666665,
      "f1_perfect": 0,
      "f1s": [
        0.4,
        0.4166666666666667,
        0.4,
        0.4,
        0.4
      ],
      "ml2s": [
        0.2750587463378906,
        0.20718368887901306,
        0.3025178909301758,
        0.20162281394004822,
        0.3172139525413513
      ],
      "n_seeds": 5,
      "desc": "Product + entropic coupling penalty",
      "kwargs": {
        "lam": 0.1
      }
    },
    "hybrid_softmax_product": {
      "ml2_mean": 0.26077755987644197,
      "ml2_std": 0.055786578712805304,
      "f1_mean": 0.4033333333333333,
      "f1_std": 0.006666666666666665,
      "f1_perfect": 0,
      "f1s": [
        0.4,
        0.4166666666666667,
        0.4,
        0.4,
        0.4
      ],
      "ml2s": [
        0.25059542059898376,
        0.2000897377729416,
        0.32639533281326294,
        0.20235228538513184,
        0.32445502281188965
      ],
      "n_seeds": 5,
      "desc": "Softmax of products",
      "kwargs": {
        "tau": 0.1
      }
    },
    "hybrid_doubly_weighted": {
      "ml2_mean": 0.007073215092532337,