{
  "args": {
    "seeds": 5,
    "n_target": 5,
    "n_pred": 20,
    "n_steps": 8000,
    "lr": 0.005,
    "filter": null,
    "output": "results/logspace_product.json"
  },
  "results": {
    "vanilla_product": {
      "ml2_mean": 0.2604817599058151,
      "ml2_std": 0.04803037132311089,
      "f1_mean": 0.4205797101449276,
      "f1_std": 0.013096510547921584,
      "ml2_all": [
        0.27485793828964233,
        0.2069554328918457,
        0.3023189902305603,
        0.20122070610523224,
        0.31705573201179504
      ],
      "f1_all": [
        0.4166666666666667,
        0.4347826086956522,
        0.4166666666666667,
        0.4,
        0.4347826086956522
      ]
    },
    "log_mean_product": {
      "ml2_mean": 0.2382926046848297,
      "ml2_std": 0.1005977116862801,
      "f1_mean": 0.6054545454545455,
      "f1_std": 0.22481826146624573,
      "ml2_all": [
        0.14613083004951477,
        0.387783944606781,
        0.32913702726364136,
        0.14796414971351624,
        0.1804470717906952
      ],
      "f1_all": [
        0.7272727272727272,
        0.33333333333333337,
        0.33333333333333337,
        0.8000000000000002,
        0.8333333333333333
      ]
    },
    "log_sum_product": {
      "ml2_mean": 0.4367528140544891,
      "ml2_std": 0.25506617216904703,
      "f1_mean": 0.368964368964369,
      "f1_std": 0.2654798451894718,
      "ml2_all": [
        0.15253812074661255,
        0.8650261759757996,
        0.4705858826637268,
        0.49635034799575806,
        0.1992635428905487
      ],
      "f1_all": [
        0.6153846153846154,
        0.0,
        0.3333333333333333,
        0.1818181818181818,
        0.7142857142857143
      ]
    },
    "normalized_product": {
      "ml2_mean": 0.2382926046848297,
      "ml2_std": 0.1005977116862801,
      "f1_mean": 0.6054545454545455,
      "f1_std": 0.22481826146624573,
      "ml2_all": [
        0.14613083004951477,
        0.387783944606781,
        0.32913702726364136,
        0.14796414971351624,
        0.1804470717906952
      ],
      "f1_all": [
        0.7272727272727272,
        0.33333333333333337,
        0.33333333333333337,
        0.8000000000000002,
        0.8333333333333333
      ]
    },
    "softmax_log_product": {
      "ml2_mean": 0.003590297605842352,
      "ml2_std": 0.0012584886066271995,
      "f1_mean": 0.43906455862977606,
      "f1_std": 0.014266408318648017,
      "ml2_all": [
        0.0017659103032201529,
        0.003591387765482068,
        0.005096746608614922,
        0.004814318381249905,
        0.0026831249706447124
      ],
      "f1_all": [
        0.4166666666666667,
        0.4347826086956522,
        0.4347826086956522,
        0.45454545454545453,
        0.45454545454545453
      ]
    },
    "clamped_product": {
      "ml2_mean": 0.2219477042555809,
      "ml2_std": 0.07936139870035704,
      "f1_mean": 0.3388888888888889,
      "f1_std": 0.29522956123525385,
      "ml2_all": [
        0.2954421043395996,
        0.2827380895614624,
        0.2550237774848938,
        0.19866348803043365,
        0.07787106186151505
      ],
      "f1_all": [
        0.0,
        0.0,
        0.4444444444444445,
        0.7499999999999999,
        0.5000000000000001
      ]
    },
    "logsumexp_product": {
      "ml2_mean": 0.00045473495265468955,
      "ml2_std": 0.00016455656114659214,
      "f1_mean": 0.4347826086956522,
      "f1_std": 0.0,
      "ml2_all": [
        0.00024473926168866456,
        0.0007151947356760502,
        0.0005391979357227683,
        0.00044735538540408015,
        0.00032718744478188455
      ],
      "f1_all": [
        0.4347826086956522,
        0.4347826086956522,
        0.4347826086956522,
        0.4347826086956522,
        0.4347826086956522
      ]
    },
    "shifted_log_product": {
      "ml2_mean": 0.21198507994413376,
      "ml2_std": 0.0918831187768246,
      "f1_mean": 0.45111111111111113,
      "f1_std": 0.2891964175110656,
      "ml2_all": [
        0.22819587588310242,
        0.2184007465839386,
        0.3448032736778259,
        0.05620381981134415,
        0.2123216837644577
      ],
      "f1_all": [
        0.0,
        0.888888888888889,
        0.33333333333333337,
        0.5000000000000001,
        0.5333333333333333
      ]
    },
    "pm3_baseline": {
      "ml2_mean": 0.012860511043982115,
      "ml2_std": 0.025314165542120324,
      "f1_mean": 0.4242424242424242,
      "f1_std": 0.015151515151515138,
      "ml2_all": [
        0.00023047909780871123,
        0.06348875164985657,
        0.00011297690070932731,
        0.00021900034334976226,
        0.00025134722818620503
      ],
      "f1_all": [
        0.4166666666666667,
        0.4166666666666667,
        0.4166666666666667,
        0.4166666666666667,
        0.45454545454545453
      ]
    },
    "sinkhorn_baseline": {
      "ml2_mean": 0.07436696051154286,
      "ml2_std": 0.06107292896882617,
      "f1_mean": 0.9777777777777779,
      "f1_std": 0.04444444444444442,
      "ml2_all": [
        0.16308346390724182,
        0.04153474420309067,
        0.000743637909181416,
        0.12864138185977936,
        0.03783157467842102
      ],
      "f1_all": [
        1.0,
        1.0,
        1.0,
        0.888888888888889,
        1.0
      ]
    }
  }
}