{
  "val_loss": 1.4947864413261414,
  "map": 0.020198019221425056,
  "map_50": 0.10099010169506073,
  "map_75": 0.0
}
