label,matcher,scale,train_images,val_images,epochs,lr,final_train_loss,final_val_loss,best_train_loss,best_val_loss,eval_val_loss,eval_map,eval_map_50,eval_map_75,total_time_s,avg_epoch_time_s
Hungarian smoke,Hungarian,Smoke,128,64,1,0.0001,3.89400496147573,4.16999227553606,3.89400496147573,4.16999227553606,4.170637592673302,0.00890796072781086,0.013617106713354588,0.009552803821861744,800.9884858131409,400.49424290657043
PM3 smoke,PM3,Smoke,128,64,1,0.0001,1707.509379863739,1458.5541768074036,1707.509379863739,1458.5541768074036,1458.5541768074036,0.00815950334072113,0.023952679708600044,0.0020853206515312195,53.90725541114807,53.90725541114807
Hungarian small,Hungarian,Small,256,128,6,1e-05,1.7136748984921724,2.1226998530328274,1.6473657272290438,2.1226998530328274,2.1226998530328274,0.3259164094924927,0.5431663990020752,0.3160795569419861,124.30915403366089,20.71819233894348
PM3 small,PM3,Small,256,128,6,1e-05,102.56401686463505,395.32459127902985,102.56401686463505,395.32459127902985,395.32459127902985,0.21264620125293732,0.3473210036754608,0.219392791390419,127.79905486106873,21.299842476844788
Hungarian medium,Hungarian,Medium,512,256,6,1e-05,1.5404801237164065,1.8277397012570873,1.5404801237164065,1.8277397012570873,1.8277397012570873,0.256695032119751,0.45926305651664734,0.252210408449173,199.35851383209229,33.22641897201538
PM3 medium,PM3,Medium,512,256,6,1e-05,9.610054519434925,47.69577734102495,7.334882319701137,39.732216069009155,47.69577734102495,0.13367398083209991,0.27157536149024963,0.11906766891479492,199.93053698539734,33.32175616423289
Hungarian large,Hungarian,Large,1024,512,6,1e-05,1.314716942870291,1.6191112524829805,1.314716942870291,1.6191112524829805,1.6191112524829805,0.1898089051246643,0.354153573513031,0.17366643249988556,390.1481947898865,65.02469913164775
PM3 large,PM3,Large,1024,512,6,1e-05,7.37002276856947,43.1815438332269,6.841006644739537,39.11899857199751,43.1815438332269,0.09704359620809555,0.19591377675533295,0.08257396519184113,393.1625862121582,65.52709770202637
